{
	"ulid": "01HRWH8CQTXZ7VTN3HCHRHYK46",
	"minTime": 1710354604.874,
	"maxTime": 1710355493.986,
	"stats": {
		"numSamples": 40870,
		"numSeries": 71,
		"numProfiles": 2302
	},
	"files": [
		{
			"relPath": "index.tsdb",
			"sizeBytes": 13724,
			"tsdb": {
				"numSeries": 71
			}
		},
		{
			"relPath": "profiles.parquet",
			"sizeBytes": 301164,
			"parquet": {
				"numRowGroups": 1,
				"numRows": 2302
			}
		},
		{
			"relPath": "symbols/functions.parquet",
			"sizeBytes": 80571,
			"parquet": {
				"numRowGroups": 2,
				"numRows": 1988
			}
		},
		{
			"relPath": "symbols/index.symdb",
			"sizeBytes": 460
		},
		{
			"relPath": "symbols/locations.parquet",
			"sizeBytes": 128239,
			"parquet": {
				"numRowGroups": 2,
				"numRows": 2967
			}
		},
		{
			"relPath": "symbols/mappings.parquet",
			"sizeBytes": 2636,
			"parquet": {
				"numRowGroups": 2,
				"numRows": 18
			}
		},
		{
			"relPath": "symbols/stacktraces.symdb",
			"sizeBytes": 18498
		},
		{
			"relPath": "symbols/strings.parquet",
			"sizeBytes": 123232,
			"parquet": {
				"numRowGroups": 2,
				"numRows": 2676
			}
		}
	],
	"compaction": {
		"level": 1,
		"sources": [
			"01HRWH8CQTXZ7VTN3HCHRHYK46"
		]
	},
	"version": 3,
	"labels": {},
	"downsample": {
		"resolution": 0
	}
}