{
	"ulid": "01HRWFXTE7JNYB987Y88R8B0SZ",
	"minTime": 1710353198.928,
	"maxTime": 1710353693.977,
	"stats": {
		"numSamples": 24777,
		"numSeries": 59,
		"numProfiles": 1291
	},
	"files": [
		{
			"relPath": "index.tsdb",
			"sizeBytes": 12236,
			"tsdb": {
				"numSeries": 59
			}
		},
		{
			"relPath": "profiles.parquet",
			"sizeBytes": 183736,
			"parquet": {
				"numRowGroups": 1,
				"numRows": 1291
			}
		},
		{
			"relPath": "symbols/functions.parquet",
			"sizeBytes": 81451,
			"parquet": {
				"numRowGroups": 2,
				"numRows": 2010
			}
		},
		{
			"relPath": "symbols/index.symdb",
			"sizeBytes": 460
		},
		{
			"relPath": "symbols/locations.parquet",
			"sizeBytes": 125029,
			"parquet": {
				"numRowGroups": 2,
				"numRows": 2923
			}
		},
		{
			"relPath": "symbols/mappings.parquet",
			"sizeBytes": 2636,
			"parquet": {
				"numRowGroups": 2,
				"numRows": 18
			}
		},
		{
			"relPath": "symbols/stacktraces.symdb",
			"sizeBytes": 25113
		},
		{
			"relPath": "symbols/strings.parquet",
			"sizeBytes": 168078,
			"parquet": {
				"numRowGroups": 2,
				"numRows": 2714
			}
		}
	],
	"compaction": {
		"level": 1,
		"sources": [
			"01HRWFXTE7JNYB987Y88R8B0SZ"
		]
	},
	"version": 3,
	"labels": {},
	"downsample": {
		"resolution": 0
	}
}