{
	"ulid": "01HRWGCXW5TD2MAS573YADCJD6",
	"minTime": 1710353708.23,
	"maxTime": 1710354593.994,
	"stats": {
		"numSamples": 41952,
		"numSeries": 67,
		"numProfiles": 2314
	},
	"files": [
		{
			"relPath": "index.tsdb",
			"sizeBytes": 13228,
			"tsdb": {
				"numSeries": 67
			}
		},
		{
			"relPath": "profiles.parquet",
			"sizeBytes": 308036,
			"parquet": {
				"numRowGroups": 1,
				"numRows": 2314
			}
		},
		{
			"relPath": "symbols/functions.parquet",
			"sizeBytes": 81771,
			"parquet": {
				"numRowGroups": 2,
				"numRows": 2018
			}
		},
		{
			"relPath": "symbols/index.symdb",
			"sizeBytes": 460
		},
		{
			"relPath": "symbols/locations.parquet",
			"sizeBytes": 127112,
			"parquet": {
				"numRowGroups": 2,
				"numRows": 2945
			}
		},
		{
			"relPath": "symbols/mappings.parquet",
			"sizeBytes": 2637,
			"parquet": {
				"numRowGroups": 2,
				"numRows": 18
			}
		},
		{
			"relPath": "symbols/stacktraces.symdb",
			"sizeBytes": 20021
		},
		{
			"relPath": "symbols/strings.parquet",
			"sizeBytes": 156706,
			"parquet": {
				"numRowGroups": 2,
				"numRows": 2712
			}
		}
	],
	"compaction": {
		"level": 1,
		"sources": [
			"01HRWGCXW5TD2MAS573YADCJD6"
		]
	},
	"version": 3,
	"labels": {},
	"downsample": {
		"resolution": 0
	}
}